{
  "120363335406266355@g.us": {
    "active": false,
    "warnings": {
      "6285798512916@s.whatsapp.net": 1,
      "62895370380258@s.whatsapp.net": 1,
      "6282253359964@s.whatsapp.net": 1,
      "6282119666320@s.whatsapp.net": 4,
      "6287712983398@s.whatsapp.net": 1,
      "6285820310583@s.whatsapp.net": 1
    },
    "antilink": true
  },
  "120363423106446401@g.us": {
    "active": false,
    "warnings": {},
    "antilink": true
  },
  "120363317747538414@g.us": {
    "active": false,
    "warnings": {
      "6289516195739@s.whatsapp.net": 1,
      "6289653864007@s.whatsapp.net": 1,
      "6281237960193@s.whatsapp.net": 1,
      "6285784688352@s.whatsapp.net": 1,
      "6285722623184@s.whatsapp.net": 1,
      "628819079653@s.whatsapp.net": 1,
      "6285942036279@s.whatsapp.net": 3,
      "6281225089573@s.whatsapp.net": 1,
      "6282234582183@s.whatsapp.net": 4,
      "6282170504727@s.whatsapp.net": 1,
      "62895336130648@s.whatsapp.net": 1
    },
    "antilink": true
  }
}