{
  "user": {
    "6282241182487@s.whatsapp.net": {
      "exp": 0,
      "limit": 7,
      "money": 0,
      "premium": false,
      "name": "Yamonica 𝓟𝓔"
    },
    "6281325600199:79@s.whatsapp.net": {
      "exp": 0,
      "limit": 10,
      "money": 0,
      "premium": false,
      "name": "User"
    },
    "120363420063443735@g.us": {
      "exp": 0,
      "limit": 10,
      "money": 0,
      "premium": false,
      "name": "User"
    },
    "6281325600199@s.whatsapp.net": {
      "exp": 0,
      "limit": 10,
      "money": 0,
      "premium": false,
      "name": "Ndikz"
    },
    "6281949653378@s.whatsapp.net": {
      "exp": 0,
      "limit": 10,
      "money": 0,
      "premium": false,
      "name": "𝓚"
    },
    "6281325600199:80@s.whatsapp.net": {
      "exp": 0,
      "limit": 10,
      "money": 0,
      "premium": false,
      "name": "User"
    },
    "628977531088@s.whatsapp.net": {
      "exp": 0,
      "limit": 10,
      "money": 0,
      "premium": false,
      "name": "Linkai Store"
    }
  },
  "group": {
    "120363420063443735@g.us": {
      "welcome": true,
      "mute": false,
      "textLeave": "Hyoo @user",
      "textWelcome": "halo @user"
    }
  },
  "owner": [
    "undefined@s.whatsapp.net",
    "6281325500199@s.whatsapp.net",
    "6281949653378@s.whatsapp.net"
  ]
}